samp.id,characteristics,immunophenotype,developmental_stage
GSM1480291,"mammary gland, luminal cells, virgin",luminal_cell_population,virgin
GSM1480292,"mammary gland, luminal cells, virgin",luminal_cell_population,virgin
GSM1480293,"mammary gland, luminal cells, 18.5_day_pregnancy",luminal_cell_population,18.5_day_pregnancy
GSM1480294,"mammary gland, luminal cells, 18.5_day_pregnancy",luminal_cell_population,18.5_day_pregnancy
GSM1480295,"mammary gland, luminal cells, 2_day_lactation",luminal_cell_population,2_day_lactation
GSM1480296,"mammary gland, luminal cells, 2_day_lactation",luminal_cell_population,2_day_lactation
GSM1480297,"mammary gland, basal cells, virgin",basal_cell_population,virgin
GSM1480298,"mammary gland, basal cells, virgin",basal_cell_population,virgin
GSM1480299,"mammary gland, basal cells, 18.5_day_pregnancy",basal_cell_population,18.5_day_pregnancy
GSM1480300,"mammary gland, basal cells, 18.5_day_pregnancy",basal_cell_population,18.5_day_pregnancy
GSM1480301,"mammary gland, basal cells, 2_day_lactation",basal_cell_population,2_day_lactation
GSM1480302,"mammary gland, basal cells, 2_day_lactation",basal_cell_population,2_day_lactation
