name,P.SC4CapeCod-28F,P.SC1Norton-28F
Algoriphagus,569,63
Solirubrobacter,3,3
Patulibacter,16,6
Clostridium,5,4
Bacillus,2,0
Barnesiella,1,0
Enterococcus,19,0
Tannerella,1,1
Flavobacterium,580,136
Burkholderia,27,31
Pseudomonas,17,109
Paenibacillus,9,0
Joostella,175,0
Derxia,2,1
Pedobacter,1,175
Lutaonella,1,0
Aequorivita::Vitellibacter,1,0
Mycobacterium,46,10
Variovorax,7,17
Conexibacter,21,20
Vibrio,30,0
Amoebophilus,2,0
Ferrithrix,2,0
Mucilaginibacter,2,12
Dermacoccus,4,3
Coprococcus,1,1
Rhodoferax,17,95
Acidimicrobium,3,0
Dietzia,8,0
Ferrimicrobium,2,1
Kaistibacter,1,4
Marmoricola,23,15
Micromonospora,4,1
Herbaspirillum,2,2
Dactylosporangium,1,0
Actinospica,6,0
Flectobacillus,1,3
Isosphaera,2,0
Frankia,2,6
Acidobacterium::Rhodanobacter,2,0
Terriglobus,1,5
Helicobacter,1,0
Acidobacterium::Nitrosovibrio,2,0
Nitrosovibrio,1,0
Paracoccus,122,5
Synechococcus,1,1
Acidobacterium,2,12
Methylocella,5,7
Kozakia,4,0
Bradyrhizobium,1,21
Rhizobium,3,17
Rhizobium::Paracoccus,1,0
Acidocella,4,2
Leifsonia,48,26
Rhodoplanes,4,1
Joostella::Flavobacterium,1,0
Atopobium,2,0
Streptomyces,3,0
Pseudorhodoferax,1,193
Agrobacterium::Rhizobium,1,0
Halomonas,13,0
Brachybacterium,2,11
Cronobacter::Escherichia::Enterobacter::Enterobacteriaceae,1,0
Bosea,1,1
Acidisphaera,1,4
Microbacterium,19,170
Mycetocola,2,0
Leifsonia::Cryocola,1,0
Azospira,1,0
Modestobacter,2,0
Zhouia,1,0
Cryocola,2,6
Pseudorhodoferax::Dechloromonas::Rhodoferax,10,1
Bizionia,1,0
Rhodoferax::Dechloromonas,1,0
Kibdelosporangium,2,0
Pseudorhodoferax::Rhodoferax,4,18
Pseudonocardia,3,0
Kutzneria,2,0
Nocardioides,3,222
Escherichia::Shigella,1,0
Escherichia,1,2
Actinocorallia,1,0
Dechloromonas::Rhodoferax,3,0
Turicibacter,1,5
Rhodopila,2,3
Sufflavibacter,1,5
Cyclobacterium,4,131
Micromonospora::Solwaraspora,1,0
Cyclobacterium::Algoriphagus,1,0
Niabella,0,205
Andreprevotia,0,3
Methylophilus,0,20
Luteolibacter,0,19
Niastella,0,316
Lysobacter,0,23
Flexibacter,0,15
Bacteroides,0,4
Winogradskyella,0,7
Opitutus,0,10
Verrucomicrobium,0,19
Fluviicola,0,6
Acinetobacter,0,12
Stenotrophomonas,0,10
Chitinophaga,0,79
Thermomonas,0,23
Chryseobacterium,0,139
Eubacterium,0,1
Cytophaga,0,74
Achromobacter,0,1
Flavisolibacter,0,2
Psychroserpens,0,6
Aquiflexum,0,18
Aminomonas::Methylobacillus,0,10
Ornithobacterium,0,7
Filimonas,0,2
Sphingobacterium,0,37
Allobaculum,0,1
Ilumomonas,0,18
