name,P.SC4CapeCod-28F,P.SC1Norton-28F
Formosa::Gaetbulibacter,0,4
Hylemonella,0,21
Polaribacter,0,24
Pelomonas,0,85
Formosa,0,51
Moraxella,0,5
Sporocytophaga,0,2
Sphingoterrabacterium,0,19
Desulforegula,0,3
Empedobacter,0,6
Formosa::Polaribacter,0,1
Lactobacillus,0,1
TM7 (genus),0,92
Sphingomonas,0,22
Xylophilus::Variovorax,0,6
Roseateles::Pelomonas,0,1
Tetrasphaera,0,3
Dyadobacter,0,8
Alkanindiges,0,1
Olleya,0,1
Brevundimonas,0,31
Segetibacter,0,21
Curvibacter,0,5
Sphingobium::Sphingomonas,0,1
Curvibacter::Rhodoferax,0,1
Aeromicrobium,0,6
Panacagrimonas::Hydrocarboniphaga,0,3
Microlunatus,0,3
Polyangium,0,1
Aminobacter,0,252
Janthinobacterium,0,4
Ruminococcus,0,2
Hydrocarboniphaga,0,4
Methylovorus,0,145
Geitlerinema,0,2
Albidiferax,0,1
Edaphobacter,0,60
Gaetbulibacter,0,2
Aquaspirillum,0,2
Blastobacter,0,16
Methylobacterium,0,8
Odyssella,0,2
Singularimonas,0,6
Acidiphilium,0,1
Lutibacterium,0,31
Kaistia,0,5
Saxeibacter,0,1
Sphingopyxis,0,103
Erythrobacter,0,3
Xanthomonas,0,11
Caulobacter,0,9
Devosia,0,41
Novosphingobium,0,6
Novosphingobium::Sphingomonas,0,1
Methylocapsa,0,6
Agrobacterium,0,2
Rhodopseudomonas,0,1
Rhodomicrobium,0,14
Afipia::Bradyrhizobium,0,1
Hoeflea,0,31
Rhodopseudomonas::Bradyrhizobium,0,1
Ahrensia,0,6
Asticcacaulis,0,2
Lacibacter,0,1
Sphingobium,0,2
Mesorhizobium,0,15
Pseudomonas::Pelomonas,0,5
Klebsiella,0,1
Leeuwenhoekiella,0,1
Shinella,0,1
Bacteriovorax,0,13
Pseudoxanthomonas,0,13
Erwinia,0,3
Byssovorax,0,1
Xylophilus,0,2
Citrobacter,0,1
Agrococcus::Microbacterium,0,1
Enterobacter::Klebsiella,0,3
Plantibacter::Microbacterium,0,3
Kluyvera::Enterobacter,0,2
Herminiimonas,0,1
Duganella,0,2
Streptomyces::Kitasatospora,0,1
Mitsuaria,0,2
Delftia,0,3
Rhodanobacter,0,1
Pelomonas::Roseateles,0,10
Leucobacter,0,3
Serratia,0,2
Aquamonas,0,6
Pectobacterium,0,1
Ramlibacter,0,2
Kluyvera::Pantoea::Enterobacter,0,2
Enterobacter,0,1
Rhizobium::Janthinobacterium,0,1
Panacagrimonas,0,10
Nonomuraea,0,1
Methylobacillus::Aminomonas,0,1
Comamonas,0,3
Herbaspirillum::Mitsuaria,0,1
Pseudorhodoferax::Curvibacter::Rhodoferax::Aquamonas,0,1
Nevskia::Panacagrimonas,0,2
Cryptosporangium,0,1
Solimonas,0,1
Nevskia,0,2
Pelomonas::Pseudomonas,0,2
Umboniibacter,0,1
Wautersiella,0,2
Meganema::Hyphomicrobium,0,1
Hoeflea::Lutibacterium,0,1
Saccharomonospora::Mycobacterium,0,1
Curvibacter::Aquaspirillum::Rhodoferax::Aquamonas,0,1
Sphingomonas::Pseudomonas,0,1
Gillisia,0,1
Flavobacterium::Pedobacter,0,5
Pseudorhodoferax::Aquaspirillum::Aquamonas,0,3
Flavobacterium::Flexibacter,0,1
Hoeflea::Rhizobium,0,2
Janthinobacterium::Massilia,0,1
Pseudorhodoferax::Curvibacter::Rhodoferax::Aquaspirillum,0,1
