name,P.SC4CapeCod-28F,P.SC1Norton-28F
Algoriphagus,569,63
Solirubrobacter,3,3
Patulibacter,16,6
Clostridium,5,4
Bacillus,2,0
Barnesiella,1,0
Enterococcus,19,0
Tannerella,1,1
Flavobacterium,580,136
Burkholderia,27,31
Pseudomonas,17,109
Paenibacillus,9,0
Joostella,175,0
Derxia,2,1
Pedobacter,1,175
Lutaonella,1,0
Aequorivita::Vitellibacter,1,0
Mycobacterium,46,10
Variovorax,7,17
Conexibacter,21,20
Vibrio,30,0
Amoebophilus,2,0
Ferrithrix,2,0
Mucilaginibacter,2,12
Dermacoccus,4,3
Coprococcus,1,1
Rhodoferax,17,95
Acidimicrobium,3,0
Dietzia,8,0
Ferrimicrobium,2,1
Kaistibacter,1,4
Marmoricola,23,15
Micromonospora,4,1
Herbaspirillum,2,2
Dactylosporangium,1,0
Actinospica,6,0
Flectobacillus,1,3
Isosphaera,2,0
Frankia,2,6
Acidobacterium::Rhodanobacter,2,0
Terriglobus,1,5
Helicobacter,1,0
Acidobacterium::Nitrosovibrio,2,0
Nitrosovibrio,1,0
Paracoccus,122,5
Synechococcus,1,1
Acidobacterium,2,12
Methylocella,5,7
Kozakia,4,0
Bradyrhizobium,1,21
Rhizobium,3,17
Rhizobium::Paracoccus,1,0
Acidocella,4,2
Leifsonia,48,26
Rhodoplanes,4,1
Joostella::Flavobacterium,1,0
Atopobium,2,0
Streptomyces,3,0
Pseudorhodoferax,1,193
Agrobacterium::Rhizobium,1,0
Halomonas,13,0
Brachybacterium,2,11
Cronobacter::Escherichia::Enterobacter::Enterobacteriaceae,1,0
Bosea,1,1
Acidisphaera,1,4
Microbacterium,19,170
Mycetocola,2,0
Leifsonia::Cryocola,1,0
Azospira,1,0
Modestobacter,2,0
Zhouia,1,0
Cryocola,2,6
Pseudorhodoferax::Dechloromonas::Rhodoferax,10,1
Bizionia,1,0
Rhodoferax::Dechloromonas,1,0
Kibdelosporangium,2,0
Pseudorhodoferax::Rhodoferax,4,18
Pseudonocardia,3,0
Kutzneria,2,0
Nocardioides,3,222
Escherichia::Shigella,1,0
Escherichia,1,2
Actinocorallia,1,0
Dechloromonas::Rhodoferax,3,0
Turicibacter,1,5
Rhodopila,2,3
Sufflavibacter,1,5
Cyclobacterium,4,131
Micromonospora::Solwaraspora,1,0
Cyclobacterium::Algoriphagus,1,0
Niabella,0,205
Andreprevotia,0,3
Methylophilus,0,20
Luteolibacter,0,19
Niastella,0,316
Lysobacter,0,23
Flexibacter,0,15
Bacteroides,0,4
Winogradskyella,0,7
Opitutus,0,10
Verrucomicrobium,0,19
Fluviicola,0,6
Acinetobacter,0,12
Stenotrophomonas,0,10
Chitinophaga,0,79
Thermomonas,0,23
Chryseobacterium,0,139
Eubacterium,0,1
Cytophaga,0,74
Achromobacter,0,1
Flavisolibacter,0,2
Psychroserpens,0,6
Aquiflexum,0,18
Aminomonas::Methylobacillus,0,10
Ornithobacterium,0,7
Filimonas,0,2
Sphingobacterium,0,37
Allobaculum,0,1
Ilumomonas,0,18
Salegentibacter,0,17
Formosa::Gaetbulibacter,0,4
Hylemonella,0,21
Polaribacter,0,24
Pelomonas,0,85
Formosa,0,51
Moraxella,0,5
Sporocytophaga,0,2
Sphingoterrabacterium,0,19
Desulforegula,0,3
Empedobacter,0,6
Formosa::Polaribacter,0,1
Lactobacillus,0,1
TM7 (genus),0,92
Sphingomonas,0,22
Xylophilus::Variovorax,0,6
Roseateles::Pelomonas,0,1
Tetrasphaera,0,3
Dyadobacter,0,8
Alkanindiges,0,1
Olleya,0,1
Brevundimonas,0,31
Segetibacter,0,21
Curvibacter,0,5
Sphingobium::Sphingomonas,0,1
Curvibacter::Rhodoferax,0,1
Aeromicrobium,0,6
Panacagrimonas::Hydrocarboniphaga,0,3
Microlunatus,0,3
Polyangium,0,1
Aminobacter,0,252
Janthinobacterium,0,4
Ruminococcus,0,2
Hydrocarboniphaga,0,4
Methylovorus,0,145
Geitlerinema,0,2
Albidiferax,0,1
Edaphobacter,0,60
Gaetbulibacter,0,2
Aquaspirillum,0,2
Blastobacter,0,16
Methylobacterium,0,8
Odyssella,0,2
Singularimonas,0,6
Acidiphilium,0,1
Lutibacterium,0,31
Kaistia,0,5
Saxeibacter,0,1
Sphingopyxis,0,103
Erythrobacter,0,3
Xanthomonas,0,11
Caulobacter,0,9
Devosia,0,41
Novosphingobium,0,6
Novosphingobium::Sphingomonas,0,1
Methylocapsa,0,6
Agrobacterium,0,2
Rhodopseudomonas,0,1
Rhodomicrobium,0,14
Afipia::Bradyrhizobium,0,1
Hoeflea,0,31
Rhodopseudomonas::Bradyrhizobium,0,1
Ahrensia,0,6
Asticcacaulis,0,2
Lacibacter,0,1
Sphingobium,0,2
Mesorhizobium,0,15
Pseudomonas::Pelomonas,0,5
Klebsiella,0,1
Leeuwenhoekiella,0,1
Shinella,0,1
Bacteriovorax,0,13
Pseudoxanthomonas,0,13
Erwinia,0,3
Byssovorax,0,1
Xylophilus,0,2
Citrobacter,0,1
Agrococcus::Microbacterium,0,1
Enterobacter::Klebsiella,0,3
Plantibacter::Microbacterium,0,3
Kluyvera::Enterobacter,0,2
Herminiimonas,0,1
Duganella,0,2
Streptomyces::Kitasatospora,0,1
Mitsuaria,0,2
Delftia,0,3
Rhodanobacter,0,1
Pelomonas::Roseateles,0,10
Leucobacter,0,3
Serratia,0,2
Aquamonas,0,6
Pectobacterium,0,1
Ramlibacter,0,2
Kluyvera::Pantoea::Enterobacter,0,2
Enterobacter,0,1
Rhizobium::Janthinobacterium,0,1
Panacagrimonas,0,10
Nonomuraea,0,1
Methylobacillus::Aminomonas,0,1
Comamonas,0,3
Herbaspirillum::Mitsuaria,0,1
Pseudorhodoferax::Curvibacter::Rhodoferax::Aquamonas,0,1
Nevskia::Panacagrimonas,0,2
Cryptosporangium,0,1
Solimonas,0,1
Nevskia,0,2
Pelomonas::Pseudomonas,0,2
Umboniibacter,0,1
Wautersiella,0,2
Meganema::Hyphomicrobium,0,1
Hoeflea::Lutibacterium,0,1
Saccharomonospora::Mycobacterium,0,1
Curvibacter::Aquaspirillum::Rhodoferax::Aquamonas,0,1
Sphingomonas::Pseudomonas,0,1
Gillisia,0,1
Flavobacterium::Pedobacter,0,5
Pseudorhodoferax::Aquaspirillum::Aquamonas,0,3
Flavobacterium::Flexibacter,0,1
Hoeflea::Rhizobium,0,2
Janthinobacterium::Massilia,0,1
Pseudorhodoferax::Curvibacter::Rhodoferax::Aquaspirillum,0,1
